review_id,model_name,created_at,total_duration_ns,load_duration_ns,prompt_eval_duration_ns,generation_duration_ns,input_token_count,output_token_count
5dIleZpTxKwjRqBercHV1w,llama3.2,2026-06-25T22:46:30.213198Z,3073474416,115305125,171235000,2784785000,942,120
LETLlxzUzv4eHkD84jea-Q,llama3.2,2026-06-25T22:46:33.310647Z,3093044833,96911208,170902000,2823207000,963,122
9sXneDy_Oyd-n-bCUz6TLg,llama3.2,2026-06-25T22:46:36.583233Z,3268293000,96245542,254421000,2915008000,969,126
0tBSNwWA3eMtbBC2PgzQtQ,llama3.2,2026-06-25T22:46:40.146397Z,3558043625,103400500,324086000,3127705000,1005,135
YMiytO01Ocd6rT-0XWfacQ,llama3.2,2026-06-25T22:46:43.508934Z,3358600583,101996750,406681000,2847145000,1041,123
vbM-THkWu7o2KbFj0u38ug,llama3.2,2026-06-25T22:46:46.414045Z,2900895000,98869375,255326000,2544169000,987,110
vYxz_9dlsvTvtxscaQzE2w,llama3.2,2026-06-25T22:46:49.405921Z,2987610042,100398459,250763000,2633703000,969,114
khuy3aKkXP7TQzDEezNCYw,llama3.2,2026-06-25T22:46:52.379026Z,2968983834,104492084,257283000,2604524000,992,113
eC2RdN3SF6JDw8Ki-yP5fA,llama3.2,2026-06-25T22:46:55.419502Z,3036362083,102443250,178279000,2753537000,965,119
E38mqkmYdhBOdtuKgz1sOA,llama3.2,2026-06-25T22:46:58.592713Z,3168621875,103705667,338648000,2723560000,1011,118
AFNU_ewy4gyz6vA-eckUdg,llama3.2,2026-06-25T22:47:01.761747Z,3164087792,148168917,335643000,2676656000,999,115
30KC_FE9zy3w9vxkzSc-zg,llama3.2,2026-06-25T22:47:04.835072Z,3068617750,105413958,171246000,2789710000,935,120
n0vJotHYx5YfqdFwXRUl1A,llama3.2,2026-06-25T22:47:08.339567Z,3500174167,161893083,252288000,3082774000,968,132
rh-2TRV8imhYnAV_1fcO_w,llama3.2,2026-06-25T22:47:12.207492Z,3862848041,113609333,440904000,3305081000,1057,141
HlQ22fPH7XZbJPDt1mfTfg,llama3.2,2026-06-25T22:47:15.485667Z,3273389125,140829083,172030000,2958104000,937,127
fYpVtfrZpuF0kJYwte-GgQ,llama3.2,2026-06-25T22:47:19.414705Z,3924983791,114521666,347838000,3459785000,1011,147
r_x9h07lLy-Cuk5kgKy42A,llama3.2,2026-06-25T22:47:23.647965Z,4228660375,151709041,716063000,3356327000,1133,141
A1lZffeOhBAbzwhxTsv1DQ,llama3.2,2026-06-25T22:47:26.911409Z,3258697000,113565541,460724000,2681122000,1036,113
Y7jZwDW1pDHQTTe_V921cA,llama3.2,2026-06-25T22:47:30.296051Z,3379355333,107201791,204597000,3065398000,950,125
9bino3LdcjUF1W7Ef6MCiQ,llama3.2,2026-06-25T22:47:34.823472Z,4522801792,114568750,906869000,3497811000,1132,140
Nh8kI6rm-xqSJQmoKSKSxw,llama3.2,2026-06-25T22:47:39.222297Z,4393181375,100496208,860931000,3428585000,1121,136
QXyuVGT3DYcQTM74szlMRQ,llama3.2,2026-06-25T22:47:42.415859Z,3188554041,99235125,243069000,2844121000,946,109
8G9LFmD2dpYKUt3vIPZUOA,llama3.2,2026-06-25T22:47:47.715536Z,5295010791,99268833,1709930000,3482302000,1321,134
0tSlkEyJAscTXB3-gVJc2w,llama3.2,2026-06-25T22:47:51.349386Z,3629248916,99486333,407222000,3119574000,997,113
E-6yK1WBbsc0p-sW2smrpQ,llama3.2,2026-06-25T22:47:54.917504Z,3563489667,98847333,266326000,3196040000,950,112
8yYiM8lSvyJDMg954EU8Pg,llama3.2,2026-06-25T22:47:59.510051Z,4587743334,99528375,277451000,4208644000,957,143
RlhgWWrnnUU4UlyPmbcy1w,llama3.2,2026-06-25T22:48:03.890214Z,4376088875,98791250,433736000,3840797000,989,130
JeCwr9a7M_sGPbFrlyYk4A,llama3.2,2026-06-25T22:48:08.356963Z,4461616625,98934750,455889000,3904037000,997,127
p1E0ePzI1KxgDkVCF9aX7g,llama3.2,2026-06-25T22:48:12.983552Z,4621607000,100035833,316247000,4202368000,966,132
EG19_sbz43AaPrBC2HXqew,llama3.2,2026-06-25T22:48:17.525522Z,4537417208,98937583,325730000,4110529999,947,129
2k009P4y2KEqemzpcbqETw,llama3.2,2026-06-25T22:48:21.771506Z,4241079375,99454000,347777000,3791731000,954,116
QlrdQMmO4SB7xcsthqb3iw,llama3.2,2026-06-25T22:48:27.230025Z,5453503208,98640708,352784000,4999877000,954,146
MXadzs4sUvIYpi9VMzCvcA,llama3.2,2026-06-25T22:48:31.317338Z,4082898125,98088416,771686000,3210337000,1041,106
gt_1mfLUKnftE6xfOR4pJA,llama3.2,2026-06-25T22:48:37.053058Z,5722660000,100735875,949662000,4669409000,1039,137
FypcjgVXZyqSphz3DMZgjA,llama3.2,2026-06-25T22:48:42.170064Z,5112185250,99299666,910660000,4099353000,1092,128
TpGeVTUZgjNGN9IAr6_o3A,llama3.2,2026-06-25T22:48:46.65795Z,4482887167,99715667,561963000,3818337000,976,117
ugiQ5hc7ZkZUTewjPm-25w,llama3.2,2026-06-25T22:48:51.217078Z,4554742041,98904208,379050000,4074423000,951,124
hFsbQYZVCxNeNbZfh2LTog,llama3.2,2026-06-25T22:48:55.989687Z,4767495417,98628750,903323000,3762643000,1044,116
uioD6pjmqkM_lYJ5DFw8yA,llama3.2,2026-06-25T22:49:00.278027Z,4283402333,99075958,385939000,3796264000,951,115
y22XP0YkBCKBd1VUge_kNw,llama3.2,2026-06-25T22:49:04.572034Z,4290242875,99160542,850663000,3337449000,1034,107
aQakA46n1xvIWl7PXmAS_g,llama3.2,2026-06-25T22:49:10.178036Z,5600676792,99144042,1632987000,3865393000,1202,121
ERdK67sTT5LNDxiGBRdPoQ,llama3.2,2026-06-25T22:49:14.465191Z,4283457083,98957542,682017000,3499429000,1008,114
2w0YDfpOWwxnxqhjw7ITcA,llama3.2,2026-06-25T22:49:18.745409Z,4275284833,99672875,184353000,3988959000,933,122
pmyEXLtyovjuRbPSwaX-vg,llama3.2,2026-06-25T22:49:22.570421Z,3820090666,98381333,317985000,3401578000,948,105
PxYIzvMnycY6yVhllv4vXQ,llama3.2,2026-06-25T22:49:26.964213Z,4389371834,98480875,298156000,3990658000,965,124
tJ9htfCsiyvk8p2zngXspQ,llama3.2,2026-06-25T22:49:31.00135Z,4032468667,98837250,326810000,3604519000,948,113
fTRJ99zIGco6bhTxrDTxyA,llama3.2,2026-06-25T22:49:36.443157Z,5437218333,98801291,852153000,4483299000,1062,142
vIhwHAFgqadmoOsBB-fpiw,llama3.2,2026-06-25T22:49:40.643323Z,4196003250,98339875,485545000,3609413000,980,117
-P5UnsmTLKg73cuWDslMog,llama3.2,2026-06-25T22:49:45.302438Z,4654238125,98668750,681362000,3871226000,1024,124
QucIX7-GhDnJAQB2iPh4zQ,llama3.2,2026-06-25T22:49:51.146454Z,5839064042,99359584,508514000,5228369000,970,160
jGL1JKYEfco-D9TWhaQe8w,llama3.2,2026-06-25T22:49:55.114871Z,3963397792,99045625,309147000,3552802000,962,116
QFi1jH4BkmSlPHUqLB7zVg,llama3.2,2026-06-25T22:50:00.144507Z,5024858750,97870208,313984000,4610827000,955,148
btJX35dfmsfMYrP2uqE-Cw,llama3.2,2026-06-25T22:50:04.679344Z,4530315041,98049500,991647000,3437563000,1067,116
oDUZ2KPhilhoOhe1TLzUBw,llama3.2,2026-06-25T22:50:08.684031Z,4000232375,100356666,322757000,3575007000,955,113
5BT0-IPs3qwAoQQ50FliGg,llama3.2,2026-06-25T22:50:13.530501Z,4841836166,99173750,956264000,3783306000,1076,121
_3BhluRPWS1jBHWEjaeV7Q,llama3.2,2026-06-25T22:50:17.687687Z,4153425250,98241917,461938000,3590247000,977,119
CxaQmjGJpH_Xnxnh0tZDbQ,llama3.2,2026-06-25T22:50:21.681424Z,3988847250,98134125,341442000,3546282000,965,115
1UEgWOLMLVQK00MpBIS2Hw,llama3.2,2026-06-25T22:50:26.03313Z,4346594208,98190542,281799000,3964328000,935,125
zn-_C-lpJl5dma-i52rZhA,llama3.2,2026-06-25T22:50:30.65513Z,4617331834,98377334,502471000,4013540000,986,130
IWlmNCZ_01wm4Dq6nRFnXQ,llama3.2,2026-06-25T22:50:34.535885Z,3876309791,98572375,327664000,3447765000,956,110
OPsZBBGxxhpwXDxBs38cBA,llama3.2,2026-06-25T22:50:39.835493Z,5294547875,98362042,650412000,4542836000,1019,147
ngd09V3fb7mye38xxwUjAA,llama3.2,2026-06-25T22:50:43.675304Z,3834785667,98742667,315956000,3417997000,939,111
dAiytxnJDNaoVbdn0z6aWg,llama3.2,2026-06-25T22:50:49.052871Z,5373228542,99083208,319019000,4952421000,959,155
OTy1q2tvZArrZA0VWK8hLQ,llama3.2,2026-06-25T22:50:53.828787Z,4770117959,98825250,652296000,4016219000,1000,130
WIU18p0Q4-SIbafWnw0Pfg,llama3.2,2026-06-25T22:51:00.342537Z,6508737959,97837834,1942203000,4465406000,1295,143
fENeR4E7ZlXD8nSQ3Tbp8Q,llama3.2,2026-06-25T22:51:04.726717Z,4378883334,98951167,299902000,3977713000,938,130
OkkdBbjsp8Hg4FOit_b3qQ,llama3.2,2026-06-25T22:51:11.742843Z,7013129916,100159875,987421000,5922541000,1088,187
y36J66jJqrSa967JDSo3IA,llama3.2,2026-06-25T22:51:16.148997Z,4401884750,98668334,642260000,3658071000,1033,122
hVqo5d7GMVqGjvvDyFqd1Q,llama3.2,2026-06-25T22:51:21.061368Z,4907796792,97761792,518341000,4288068000,984,136
SrbPGR41yrP1-ElahE-3Fw,llama3.2,2026-06-25T22:51:24.731304Z,3664699500,98116166,178454000,3385987000,932,110
SUHtom6TYtePfASKvVl-WA,llama3.2,2026-06-25T22:51:29.185928Z,4449865916,98657416,823444000,3524548000,1059,117
GkGcAZQjA4TchnMnSSk6Og,llama3.2,2026-06-25T22:51:34.232514Z,5041378542,98809250,510010000,4429408000,981,137
HGfAy9NC7AMYpB597DJKbA,llama3.2,2026-06-25T22:51:38.061005Z,3823370209,99132750,321192000,3400687000,959,111
yyIcFox2pgXJQuRrV9tWHQ,llama3.2,2026-06-25T22:51:42.294912Z,4229230709,98300417,482070000,3646199000,972,118
VxvCNaN2Fl_qh1VNJxpnTQ,llama3.2,2026-06-25T22:51:46.518229Z,4218400000,98493417,329661000,3788050000,962,121
vf3nT2RoKWRGEfPq7U_s6w,llama3.2,2026-06-25T22:51:52.96317Z,6441639792,97851208,1008588000,5332207000,1081,159
fXJn_Z5rshUAs_S_KgEenw,llama3.2,2026-06-25T22:51:56.679509Z,3713328958,98750750,266322000,3345940000,960,111
2Cbnwc_oAqkyH4xRqcr9ig,llama3.2,2026-06-25T22:52:02.56928Z,5885354750,97964708,1282033000,4502185000,1149,146
m2ys8CxFArAj3qkBX5ElCw,llama3.2,2026-06-25T22:52:10.097403Z,7522003958,98728917,1412860000,6007207000,1169,190
zwAUEERzDjwqp_mnbNXhNw,llama3.2,2026-06-25T22:52:15.909737Z,5807218834,98064709,935518000,4770649000,1085,153
eu1ccVJSASYxhIX3MqRflQ,llama3.2,2026-06-25T22:52:21.716425Z,5801736583,98095667,1857549000,3842744000,1301,128
fn-7A9JAkZNmmSSueTL1lQ,llama3.2,2026-06-25T22:52:26.065406Z,4344465500,99096708,331377000,3911701000,943,123
F38k0Nkys0aVVmIRYoQyKg,llama3.2,2026-06-25T22:52:33.221747Z,7151554125,99332208,1722851000,5326364000,1254,166
7FPS8PgN199E0uwXo4BBuw,llama3.2,2026-06-25T22:52:39.703142Z,6476743333,99788500,1488304000,4885468000,1250,156
g-lnHAl8qzwYWw_p12ZqNg,llama3.2,2026-06-25T22:52:47.39129Z,7683472666,100498750,2375383000,5204065000,1435,164
sB4rlC_ma6MJyoKcWCZ0uA,llama3.2,2026-06-25T22:52:51.89093Z,4494908708,100067417,694196000,3697616000,1035,121
1N_j2BHPDuyy8EhjsBhVww,llama3.2,2026-06-25T22:52:56.452606Z,4556790667,100520500,527259000,3926075000,987,122
7jwNmlTKIse1tKNtf5Yfcg,llama3.2,2026-06-25T22:53:00.506829Z,4049047458,99515000,287340000,3659810000,950,119
R8wUG3hCqNE5mjFyPRlnxQ,llama3.2,2026-06-25T22:53:04.828338Z,4316355291,100136291,505775000,3707719000,971,119
97G4uUrKN08qiS2cUvMcVQ,llama3.2,2026-06-25T22:53:09.386674Z,4552981084,101269459,986128000,3462667000,1078,115
zIjZfA-uQC27i9eQ-_LWhw,llama3.2,2026-06-25T22:53:14.46951Z,5077187416,99501333,1318854000,3655787000,1130,121
LULPu_QpUm1H3EdG12-GmA,llama3.2,2026-06-25T22:53:19.02123Z,4546736209,99233209,694117000,3750444000,1008,121
tNAGZ8Izma9WK6UGOF4BJA,llama3.2,2026-06-25T22:53:23.543216Z,4518469500,99260583,546001000,3870290000,997,124
cmuzcewEIi7ydm286vZqGw,llama3.2,2026-06-25T22:53:28.852883Z,5304765625,99165584,844267000,4358306000,1036,140
Eiv58jOZCqEJLsjSvWJlKg,llama3.2,2026-06-25T22:53:32.808374Z,3950978167,98193667,175001000,3675405000,930,115
HDAgNEU6DcjgRyMlEJKnLQ,llama3.2,2026-06-25T22:53:37.331925Z,4518762209,99921250,312001000,4104541000,963,129
fwfm_o-fPt77AJKOZ6PFFQ,llama3.2,2026-06-25T22:53:43.09829Z,5761881000,97818584,1107861000,4553139000,1110,146
nlICCM1tSb2JwlfJtZ4mWA,llama3.2,2026-06-25T22:53:49.488739Z,6385450500,98127875,939307000,5345154000,1068,168
4bokjmOfLsuInCG2YhfU_A,llama3.2,2026-06-25T22:53:53.539691Z,4046196458,97919250,304516000,3641403000,966,117
1UDHt0CRmVMSUIcj3T36dw,llama3.2,2026-06-25T22:53:57.563309Z,4018909541,99315041,320834000,3596666000,948,113
E1uWye1DXKVYC0onLSpgeA,llama3.2,2026-06-25T22:54:03.077965Z,5509360542,98352917,1001919000,4405967000,1090,136
gxHVXz1Ny5eujrSqZiN7Bw,llama3.2,2026-06-25T22:54:07.259387Z,4175756958,99548750,410544000,3662290000,972,118
QoCSOHDiwkrdp0qJUeIg3Q,llama3.2,2026-06-25T22:54:11.54187Z,4279517667,98927250,341153000,3837079000,965,121
ZmSNKhaNTKsiFJxy_BEi3A,llama3.2,2026-06-25T22:54:15.498015Z,3951666208,99390083,500106000,3349264000,980,108
yiqmcoKMU9mCVAQojlWNgA,llama3.2,2026-06-25T22:54:20.905651Z,5402783334,98780709,311360000,4990270000,942,153
tXuitKb0c6iSJXIR2Ud1mA,llama3.2,2026-06-25T22:54:25.04602Z,4135105208,98301958,524965000,3508883000,970,114
hZCcdnvR6Ic1jeMiEG3lmg,llama3.2,2026-06-25T22:54:29.546434Z,4495869208,98286333,338192000,4056966000,947,127
uFka9OThfA_Auwarbd94MQ,llama3.2,2026-06-25T22:54:34.710687Z,5159622334,98383084,834613000,4223410000,1054,131
6X1_7Bx5G6VJfCAh6eeSYw,llama3.2,2026-06-25T22:54:40.274763Z,5557979250,99058583,1434495000,4021132000,1198,131
LShnfZiip-S1SN21_n2mDw,llama3.2,2026-06-25T22:54:44.933779Z,4654812084,100360125,507619000,4044548000,968,128
RPNgq_MuHpryBMi8FcUIIQ,llama3.2,2026-06-25T22:54:50.010398Z,5071476833,98746625,832081000,4137890000,1034,133
tNuDrkWlutZGXLAiFO_P7A,llama3.2,2026-06-25T22:54:54.94923Z,4934420834,98889917,685521000,4147171000,1021,131
EI1MM58ZEVa0_JpZ5y7PoQ,llama3.2,2026-06-25T22:54:59.076564Z,4122300541,98975250,319790000,3701463000,940,115
thmr1Q5VdfRX7-9cuxaDQg,llama3.2,2026-06-25T22:55:04.17777Z,5095605875,99493500,510098000,4483014000,987,138
2VE_0djkShv_biZXyqYNVA,llama3.2,2026-06-25T22:55:09.917537Z,5736301125,98531958,952615000,4682219000,1075,143
jxh4fKN8H1ekLcozHaVpFg,llama3.2,2026-06-25T22:55:13.724049Z,3801982959,98910167,161598000,3539136000,928,112
cWWfjBVC-CXo-c2KL2JhKw,llama3.2,2026-06-25T22:55:22.948149Z,9221270709,98227917,2002231000,7117225000,1312,222
rEbLhNZm1LUbuw8GR9yNVA,llama3.2,2026-06-25T22:55:27.92402Z,4971110458,98862750,943923000,3925360000,1071,125
sgj1abY9wKvSbNjUcMWfzw,llama3.2,2026-06-25T22:55:32.696145Z,4766641208,98928083,1316463000,3348380000,1129,112
J0mw-Am5JkMY84a9HLwaEA,llama3.2,2026-06-25T22:55:38.299702Z,5598923834,98361917,1546487000,3950802000,1183,127
lFn5y79s1QO4YVRdLvOMPg,llama3.2,2026-06-25T22:55:42.350796Z,4045050041,99496291,184639000,3758502000,934,117
rvVhxxycVgEN47R9MFrhXA,llama3.2,2026-06-25T22:55:48.762053Z,6406162875,98376500,992152000,5312468000,1069,145
e0h-eXNPrEfbaUCCCP9Bfw,llama3.2,2026-06-25T22:55:54.357055Z,5590049542,100934083,470886000,5015204000,980,133
Yy2v0QZN2-tbxn4SAFFY7g,llama3.2,2026-06-25T22:55:59.415854Z,5053104750,99851708,572008000,4378438000,1027,134
buuT9AnGCViEGhxlXM58rA,llama3.2,2026-06-25T22:56:05.606044Z,6185788167,99641917,2243793000,3838922000,1383,122
N7zQfCgdfMNrKliJWh5nIA,llama3.2,2026-06-25T22:56:10.60563Z,4994468875,100487709,1042131000,3848540000,1082,124
bH3TlxvMFVgzXkevhKaMMw,llama3.2,2026-06-25T22:56:16.326898Z,5715809542,97845958,912815000,4702008000,1045,140
EMFgHENirt7W2Etf96FNTQ,llama3.2,2026-06-25T22:56:21.937563Z,5607367125,98898666,722265000,4783165000,1039,144
Z6ffijbxOKUixHImgPiVPQ,llama3.2,2026-06-25T22:56:26.345057Z,4402190042,98604834,450330000,3850248000,992,125
_uwlCGZMhSzcgJABCN0wpg,llama3.2,2026-06-25T22:56:31.391779Z,5043762125,98299250,1087894000,3854699000,1087,117
PhG2AcM83nJb4O6gqVZRsQ,llama3.2,2026-06-25T22:56:37.675379Z,6278800625,105359125,635260000,5535154000,1004,164
GakrjTjBk1s6UeFrlHLONA,llama3.2,2026-06-25T22:56:42.551301Z,4871322542,98541417,555890000,4214011000,1004,127
gYrM42zzFzt4OFJkVCP3Ww,llama3.2,2026-06-25T22:56:47.07139Z,4515578125,98482042,464910000,3949491000,979,120
0UW5xzq-CWcX5ftTx3n2rg,llama3.2,2026-06-25T22:56:51.515615Z,4439464375,98457417,330671000,4008149000,957,122
xdYwmZz4mv-0dY5_3JF-ug,llama3.2,2026-06-25T22:56:57.44986Z,5929893500,99368333,1578308000,4249090000,1198,130
Di3Wl_MN4BUKSW_Zq7Nk9w,llama3.2,2026-06-25T22:57:01.694033Z,4239293042,98849209,473008000,3664400000,975,118
LpxL-67sdH-fPRG25Cn7aw,llama3.2,2026-06-25T22:57:05.932106Z,4233081834,98832417,355111000,3776792000,936,115
RU6dFyNLM4TuimBAtiCgUA,llama3.2,2026-06-25T22:57:09.939137Z,4003649625,99352375,171871000,3730100000,925,111
f0r46mhNoX1_ZSJ4NOiMuA,llama3.2,2026-06-25T22:57:14.467584Z,4522559292,98893875,289479000,4131781000,936,113
Jc4XrlQ4JE3WEZ0I_OGEEQ,llama3.2,2026-06-25T22:57:19.157579Z,4685065583,99545416,291738000,4291371000,953,126
wyvNTaVOeAHgP08SXjgy9w,llama3.2,2026-06-25T22:57:26.09133Z,6929300417,99719500,1412957000,5413200000,1198,164
JMuvjog2uOEFTbiuwqGjAg,llama3.2,2026-06-25T22:57:30.135095Z,4039280667,98474500,142670000,3795785000,927,117
wybvV9PHegVmodVQgqVM4g,llama3.2,2026-06-25T22:57:34.293443Z,4155171167,98496042,320213000,3734222000,958,113
pXesxwaNpwuWP2p8Pa4zmQ,llama3.2,2026-06-25T22:57:39.745899Z,5447257333,98769833,1014073000,4331285000,1071,128
kTEYW49JO4bIJggim_oVeA,llama3.2,2026-06-25T22:57:45.316576Z,5567350166,97889666,1827809000,3638158000,1302,118
WMPDhxb97G6YQKgJzYOGpA,llama3.2,2026-06-25T22:57:50.369797Z,5049488041,98679416,336495000,4612209000,959,137
1FndJpSL1SWOoRN6b8jmog,llama3.2,2026-06-25T22:57:57.110939Z,6736292792,99208208,1156680000,5477365000,1107,162
jUsvAENIoz--NjbZEBvKwA,llama3.2,2026-06-25T22:58:01.45439Z,4339746875,98401542,266478000,3972739000,940,125
jWEsqiit15pv1wWpBIfq-g,llama3.2,2026-06-25T22:58:06.548363Z,5088550166,98611333,1001350000,3985546000,1065,128
-qFr72hfTQShmka9AZ_7pw,llama3.2,2026-06-25T22:58:11.465089Z,4911816875,98877792,627700000,4182189000,1027,127
SbPp6QKJGwAEKFy-1SF3Tw,llama3.2,2026-06-25T22:58:18.389029Z,6919855834,98743292,1194583000,5623582000,1107,167
vUl1qixw2G3Clx_VvnAWyw,llama3.2,2026-06-25T22:58:22.982857Z,4589154459,100221125,267812000,4218761000,958,128
LlChd5ikYY8wiD8VpPXncw,llama3.2,2026-06-25T22:58:27.736816Z,4750202125,100624542,798691000,3847830000,1035,123
u2poeBrxAbQZZGBNB0q63w,llama3.2,2026-06-25T22:58:32.459798Z,4716841458,99954375,948693000,3665164000,1068,116
PjVagaBWB7Gpa-4SaoSPeA,llama3.2,2026-06-25T22:58:39.138086Z,6675997791,100861250,1108403000,5463627000,1076,158
AAaKK3mhq6XmcAhMvvBOnQ,llama3.2,2026-06-25T22:58:43.824547Z,4681057667,99727042,308589000,4270564999,949,124
fquqNGNZ0zppcCsfiR_UUA,llama3.2,2026-06-25T22:58:48.476147Z,4647583292,97906875,641989000,3904585000,1028,123
qGRpj9qkSF5WYHtUDXLD3Q,llama3.2,2026-06-25T22:58:52.685538Z,4204390916,98652333,338601000,3764993000,935,115
FzNGQVF8rtvo6dXpaeGHWg,llama3.2,2026-06-25T22:58:57.763764Z,5074024000,98917458,674835000,4297511000,1002,126
Y9SzbXOclozvC_x2tghEGA,llama3.2,2026-06-25T22:59:03.612346Z,5843603833,98818708,881066000,4860689000,1066,146
FXNdHkkcD_9HSGd0JLCfGw,llama3.2,2026-06-25T22:59:08.064781Z,4447122459,98625834,552981000,3792846000,1014,118
IhroJfU36WO8ekyVrxmTyg,llama3.2,2026-06-25T22:59:12.363071Z,4293462042,99200667,344560000,3847588000,951,118
2KX5xsm2soXNjs8ApXYZEg,llama3.2,2026-06-25T22:59:17.59749Z,5229284000,99431000,626265000,4500776000,1006,132
oKIX77yOiuDuR5lnkTZdZA,llama3.2,2026-06-25T22:59:22.371235Z,4768926042,100558583,713701000,3951598000,1062,122
uVz0yv0fGma-hAmmxIk6Tg,llama3.2,2026-06-25T22:59:26.903541Z,4527557833,99798750,653553000,3771364000,1026,118
Z3n3q69Qd8MiRYP9BQNVLQ,llama3.2,2026-06-25T22:59:31.580591Z,4671742250,99825375,698892000,3869919000,1011,120
lAh7QQj-PTfy3RKsmbwBFg,llama3.2,2026-06-25T22:59:35.937094Z,4351395583,99055125,848426000,3401096000,1035,111
iWgdAZIo6HhJQwzLYcbQAw,llama3.2,2026-06-25T22:59:40.05871Z,4116461625,98530375,323118000,3692433000,952,110
JXSE7nuM_nuMGwp5Xu6nXg,llama3.2,2026-06-25T22:59:45.746168Z,5682179417,99259042,954021000,4625821000,1082,135
NY_bzQKQJ34T6xYRuS4iAQ,llama3.2,2026-06-25T22:59:52.917827Z,7166709625,99944458,2200076000,4863352000,1391,146
4xjgcRJEcS9AsPUnh5pZCQ,llama3.2,2026-06-25T22:59:59.07793Z,6154708792,100632000,1001118000,5049758000,1114,152
yaC4M7xsl9pG8Wi4wuhfCA,llama3.2,2026-06-25T23:00:03.504192Z,4421159834,100037750,396770000,3921349000,978,119
8djbIW3OmWpNyMNoHoAPIg,llama3.2,2026-06-25T23:00:08.160263Z,4651007208,100079583,667906000,3880496000,1010,118
CKX4F4YMvjgPkvPn1Il3TQ,llama3.2,2026-06-25T23:00:14.798924Z,6634193875,99700792,909718000,5621663000,1069,169
mz1uW2E6sFiNvaRa9V4kwA,llama3.2,2026-06-25T23:00:20.486607Z,5682822458,99895166,1328211000,4251651000,1190,127
-SdFJctPd8Bh8opSowrRsw,llama3.2,2026-06-25T23:00:24.79452Z,4302954084,101072584,160664000,4038938000,934,120
fy2030hgOlV5Dgpt9x-vqg,llama3.2,2026-06-25T23:00:28.682567Z,3884776042,98348959,288434000,3495591000,941,112
bewj5fkPR5lK2jXS5rTAjw,llama3.2,2026-06-25T23:00:33.492799Z,4805721291,98272250,361184000,4343947000,956,128
k9E2Y32ace7nMCnTQ08r4Q,llama3.2,2026-06-25T23:00:37.722011Z,4224282875,98128042,355673000,3768479000,945,117
mH4QSsTn5kml44YNNvQrMQ,llama3.2,2026-06-25T23:00:42.78793Z,5061264750,99497542,901451000,4057230000,1033,125
g78caoWnRFaUN7ZbCkuI_Q,llama3.2,2026-06-25T23:00:47.138517Z,4345387333,98694041,552644000,3691484000,996,111
eiBZVkzno56AQhIV76cUaA,llama3.2,2026-06-25T23:00:51.49452Z,4352036917,98613625,469731000,3780731000,982,116
24AzwldLShV_TyIsBobDSA,llama3.2,2026-06-25T23:00:56.275984Z,4777000416,97901666,496973000,4179067000,989,125
4h_zH2bD7dgzODtdfs9goQ,llama3.2,2026-06-25T23:01:04.058534Z,7777929500,98821250,2167825000,5507966000,1322,164
TgIRQGNQqvRu-KNgUFl-Mg,llama3.2,2026-06-25T23:01:08.872974Z,4809807250,98917667,419115000,4289116000,993,128
DO1I5O-HaEORpjCeNdHfWQ,llama3.2,2026-06-25T23:01:14.462998Z,5585029375,99147500,751465000,4731546000,1060,146
ghwW8VXK63j2fejBOh0jSw,llama3.2,2026-06-25T23:01:21.406698Z,6938949000,98675000,1876921000,4960248000,1261,146
gptnw2UR2Y5RnXxRcm4hpw,llama3.2,2026-06-25T23:01:26.247344Z,4835906459,100056750,424380000,4308355000,990,136
KkCjQ5SuGBPUZXGLmmf9Lw,llama3.2,2026-06-25T23:01:30.7557Z,4503932084,98935375,350628000,4051986000,961,120
8Fx7_ZEKVJxcjhJuR48_bw,llama3.2,2026-06-25T23:01:35.224353Z,4463926750,98593625,577781000,3784656000,1009,112
X23GYSQzjR3Vv-grn6Y2-w,llama3.2,2026-06-25T23:01:40.277269Z,5047615750,97948125,414612000,4532032000,968,137
n0dIAfYQ8W50lUPLa6lBAw,llama3.2,2026-06-25T23:01:44.507738Z,4226584542,98779625,192491000,3932985000,927,114
c5DULqBBeyn58AqKycaPMw,llama3.2,2026-06-25T23:01:49.044394Z,4533497709,98550709,276776000,4155738000,948,122
1DJHDOwbLEQu2fHYv4El9g,llama3.2,2026-06-25T23:01:53.766945Z,4717980084,99529875,929119000,3686127000,1079,117
vDKsRkb39GuYfI0L3qbERg,llama3.2,2026-06-25T23:01:57.951172Z,4179147208,99035167,332354000,3745404000,944,111
9QKUz1dZwXkgedYS5Y7s1Q,llama3.2,2026-06-25T23:02:02.152131Z,4196887458,99463708,340916000,3754424000,951,112
JI2JvssIEKze5qWwUryVjQ,llama3.2,2026-06-25T23:02:07.717394Z,5560132083,98806166,943554000,4514535000,1093,132
1q2dv9fLSswRN5KTtd-vhw,llama3.2,2026-06-25T23:02:14.08917Z,6367329458,100305667,1508717000,4754990000,1220,141
jpJGfrg0kjFzH1-sW4LUDw,llama3.2,2026-06-25T23:02:18.598939Z,4504449125,100109958,285968000,4115439000,966,121
zeHFtGnSby5IGI8KbfJNRA,llama3.2,2026-06-25T23:02:22.654431Z,4051329750,100440917,302775000,3645593000,956,110
